{"count": 12, "total_time": 20.112871408462524, "skipping_time": 7.243919849395752, "break_time": 12.868951559066772, "max_speed": 48.0}