{"count": 52, "total_time": 55.038787603378296, "skipping_time": 45.9771773815155, "break_time": 9.061610221862793, "max_speed": 108.0}